{
	"version": "0.3.17", 
	"suite": "unknown_suite", 
	"function_id": 0, 
	"function_name": "pymoo_ZDT1", 
	"maximization": false, 
	"algorithm": {"name": "NSGA2", "info": "10"},
	"experiment_attributes": [{"popsize": "10"}],
	"attributes": ["evaluations", "raw_y", "F2"],
	"scenarios": [
		{"dimension": 30,
		"path": "data_f0_pymoo_ZDT1/IOHprofiler_f0_DIM30.dat",
		"runs": [
			{"instance": 1, "evals": 0, "best": {"evals": 2010, "y": 0.1280617772217075, "x": [0.1280617772217075, 0.02696143504727954, 0.002020287962840819, 0.0615930288442992, 0.0058096920947047, 0.2706698019640265, 0.1038803131181495, 0.09148042193820963, 0.27850225249408345, 0.009728453317288138, 0.2347358040724976, 0.01141762363181911, 0.001371338826574172, 0.004065327030354309, 0.00694161070472153, 0.002121466432519757, 0.0019582039302323373, 0.004542372850549599, 5.579774383330865e-05, 0.0039793858679904315, 0.1611986342770103, 0.00011654193115215254, 0.136132130159724, 0.5291424657310013, 0.0025666053562227037, 0.008676615724342753, 0.013203853984216488, 0.05487253376504537, 0.05851850653187002, 0.002231135913646218]}},
			{"instance": 1, "evals": 0, "best": {"evals": 2010, "y": 0.9523231413524982, "x": [0.9523231413524982, 0.016686569771475868, 0.008571039846349408, 0.06982738000729304, 0.004175024600548175, 5.832786759360015e-05, 0.006451282544356254, 0.12298158883123164, 0.001048257769275823, 0.012994274253564492, 0.00672340478015001, 0.26796747932321174, 0.04461726473553156, 0.00022607671340052737, 0.008152189047600617, 0.00298482809744573, 0.12630160015243602, 0.19341561107527014, 0.008860116275286283, 0.03646095595201352, 0.45819902735330487, 0.058126348052398275, 0.03548850891740881, 0.0030506480369128456, 0.00020007161406657365, 0.0010472603355153915, 0.0788681229123223, 0.0010287369512290907, 0.01817134734516627, 0.4489654340690683]}},
			{"instance": 1, "evals": 0, "best": {"evals": 2010, "y": 0.47512383054760887, "x": [0.47512383054760887, 0.03675493653960993, 0.027534189928125778, 0.03253876486654414, 0.0084891343374021, 0.029181571959582667, 0.0029146974666662065, 0.09155853079188134, 0.08183217489126669, 0.008844169974259408, 0.004186544480439102, 0.1985321906154339, 0.011015550377383743, 0.016289250009225036, 0.0630431744187959, 0.3230544722076841, 0.01667739865318168, 0.0007298494185115382, 0.002014251440055408, 0.0008150462903818009, 0.2774956826628833, 0.0014632243216979647, 0.0332329445189047, 0.00180910713107405, 0.019262239692323425, 0.6334236602850329, 0.13608115422369818, 0.023565756207179333, 0.03446324259590719, 0.029273443828172284]}},
			{"instance": 1, "evals": 0, "best": {"evals": 2010, "y": 0.4016596025693938, "x": [0.4016596025693938, 0.009364891850748179, 0.13895033822372552, 0.2947659373213629, 0.2437110633586842, 0.16055630726839681, 0.04361140865991643, 0.04807950459772206, 0.0027419630522345635, 0.23161155384036564, 0.003107828810234252, 0.0015940696020241092, 0.28029335613309886, 0.37873234668812195, 0.0022722111191438637, 0.0009229816992307538, 0.004823618277224194, 0.0005512077249729859, 0.03718055942174449, 0.009925975181729926, 0.007170504151595325, 0.06531963857706014, 0.1652106038862555, 0.027816936805864164, 0.015922459478625577, 0.0007701253429820878, 0.2876637138117038, 0.11172547345193362, 0.05132017863033318, 0.2691236372436227]}},
			{"instance": 1, "evals": 0, "best": {"evals": 2010, "y": 0.8895504896023552, "x": [0.8895504896023552, 0.0019132767759986544, 0.36023658918723256, 0.0012293840035574406, 0.04089711896605314, 0.3957848660531646, 0.013708731983768319, 0.005518873147058035, 0.017825470332159213, 0.02827263475398324, 0.257944112688925, 0.001720145575521727, 0.08089466172381933, 0.0086802109897776, 0.20912386730801982, 0.287528611133033, 0.03127510882593947, 0.006146525310190513, 0.013036250917400152, 0.4193856654345598, 0.0066176624264679485, 0.002439888793401749, 0.004724731546308342, 0.0004575274365421401, 0.008477552025256782, 0.012346554073640064, 0.009802960027100504, 0.00434314409744431, 0.19429051149459847, 0.00941769999176157]}}
		]}
	]
}
