{
	"version": "0.3.17", 
	"suite": "unknown_suite", 
	"function_id": 0, 
	"function_name": "pymoo_ZDT1", 
	"maximization": false, 
	"algorithm": {"name": "SMS-EMOA", "info": "10"},
	"experiment_attributes": [{"popsize": "10"}],
	"attributes": ["evaluations", "raw_y", "F2"],
	"scenarios": [
		{"dimension": 30,
		"path": "data_f0_pymoo_ZDT1/IOHprofiler_f0_DIM30.dat",
		"runs": [
			{"instance": 1, "evals": 0, "best": {"evals": 2010, "y": 0.09311798665897822, "x": [0.09311798665897822, 0.00893305374080127, 0.0012822333633262391, 0.0009518873820890777, 0.002666126668700252, 0.07266516855461848, 0.28663852312636295, 0.053360540736461064, 0.18619087621615377, 0.0074760069121850925, 0.24411881060041563, 0.07564773040624583, 0.2484844917925449, 0.05977985953924257, 0.6765653114455606, 0.0004636840420585263, 0.0049068691151498926, 0.004757038441781265, 0.11168292260556285, 0.0033624913016863695, 0.0049461715868619385, 0.01578239685844025, 0.00831176721037076, 0.012671139466786517, 0.36373079439089867, 0.0022101380290257245, 0.04310526561559437, 0.00024367569604071454, 0.002018813713132193, 0.00048467560478780345]}},
			{"instance": 1, "evals": 0, "best": {"evals": 2010, "y": 0.3863500434597701, "x": [0.3863500434597701, 0.0085695632712494, 0.006114905367912408, 0.0036860425420290614, 0.0017668230469768008, 0.030388065265064303, 0.01584583612847011, 0.3649934851184433, 0.0010071444485380571, 0.030180825272461822, 0.047869783590361537, 0.9017236646225888, 0.00746879127555726, 0.000501549264324938, 0.005096402466334057, 0.004159130509495635, 0.014913801906599734, 0.01890783694085809, 0.5165272967245842, 0.08971000364305988, 0.017079363201972144, 0.0038780174628175925, 0.06597369313108356, 0.001035632653131386, 0.002786359911950667, 0.0010670303954842916, 0.006055797287745093, 0.02474561279595524, 0.2667149657622754, 0.0018856893092765801]}},
			{"instance": 1, "evals": 0, "best": {"evals": 2010, "y": 0.966331972046823, "x": [0.966331972046823, 0.025081276271151337, 0.0370203421584353, 0.23145301589299255, 9.26861558527294e-05, 0.15623436386651784, 0.0009023416565493159, 0.0022038535646473727, 0.009596678943534567, 0.00047198593400930844, 0.20148878305360862, 0.08692589787443154, 0.005954220349491296, 0.06524163214451732, 0.0005793823010814652, 0.04356289086872263, 0.006751258398095511, 0.010615304052775524, 0.0048901719122941174, 0.0017827555017748162, 0.06777329535530156, 0.03126279471349104, 0.01629627211446077, 0.010284516692704825, 0.005813343031632316, 0.0015416593092189446, 0.008976346071579874, 0.009458536377088201, 0.032708031310545393, 0.025926755784546784]}},
			{"instance": 1, "evals": 0, "best": {"evals": 2010, "y": 0.5960550712229911, "x": [0.5960550712229911, 0.0813842371278453, 0.00755248626271577, 0.018472104079864875, 0.007610281927588209, 0.003990363183861697, 0.002263716881218239, 0.003929111206777557, 0.0016539421837086263, 0.0021248805671082653, 0.010703915052681562, 0.0017566915488805945, 0.0354915604278484, 0.006301908976911122, 0.013833976700444488, 0.01789539720996166, 0.02481708710487037, 0.00031259425956819216, 0.0012385750004378572, 0.0013086564075762731, 0.008678998742506104, 0.002814854137930197, 0.00037166759137666466, 0.024006261580325653, 0.032942469361321274, 0.0010755055691345525, 0.014555524661569738, 0.008360243388353145, 0.0026699065949981034, 0.23509802810959968]}},
			{"instance": 1, "evals": 0, "best": {"evals": 2010, "y": 0.9822795702562905, "x": [0.9822795702562905, 0.08424350138688515, 0.0007354423657291912, 0.0014405730332386528, 0.007592485784592497, 2.4654284709293096e-05, 0.12174467349158082, 0.0006005362256992692, 0.015397321472396218, 0.10960827396263706, 0.023227896248200153, 0.0009983758395278428, 0.5252118388703547, 0.0012549631459982252, 0.0070334911113625435, 0.025862738022674806, 0.06941590867234497, 0.0006776769723914867, 0.00014898972672186322, 0.005311502784859974, 0.03336913602332966, 0.26819762286061727, 0.0045535122638567195, 0.006845775185536437, 0.03556027119799321, 0.00044139473768128586, 0.028011265591631158, 0.01189310449765708, 0.0038615847418018486, 0.029741686561766977]}}
		]}
	]
}
