{
	"version": "0.3.17", 
	"suite": "unknown_suite", 
	"function_id": 1, 
	"function_name": "pymoo_ZDT2", 
	"maximization": false, 
	"algorithm": {"name": "NSGA2", "info": "10"},
	"experiment_attributes": [{"popsize": "10"}],
	"attributes": ["evaluations", "raw_y", "F2"],
	"scenarios": [
		{"dimension": 30,
		"path": "data_f1_pymoo_ZDT2/IOHprofiler_f1_DIM30.dat",
		"runs": [
			{"instance": 1, "evals": 0, "best": {"evals": 2010, "y": 0.43378442892794955, "x": [0.43378442892794955, 0.011005719432234946, 0.2602522054727974, 0.0037545228638936005, 0.02035382148958447, 0.03169957798162282, 0.13033261986587616, 0.05723116719434517, 0.30778561883313976, 0.02801249441658986, 0.355971327459581, 0.27747600534908134, 0.00040335177155292564, 0.34347445117892583, 0.027186612322489676, 0.002011117039939621, 0.0012497589108424938, 0.0017303116927129753, 0.029130675672017818, 0.0011609167422434578, 0.07925199587063417, 0.00044781518049541013, 0.023008241968894245, 0.01663477502126213, 0.0018338579871853677, 0.018729076807721616, 0.11477669945475077, 0.025065857769799582, 0.013320469632275966, 0.22551071785630794]}},
			{"instance": 1, "evals": 0, "best": {"evals": 2005, "y": 1.944637729505956e-12, "x": [1.944637729505956e-12, 0.0030363654657748285, 0.009364327259060562, 8.847704034056436e-05, 0.00021558337291520256, 0.005009812703026559, 0.031813842409742936, 0.7075406087431814, 0.003780461031166368, 0.28343688638858244, 0.020542771683053858, 0.29376362264527733, 0.00038254953979653477, 0.008014517288065345, 0.0014828115007074342, 5.1423595753534706e-05, 0.0038983723891767245, 0.08579794481512701, 0.34273814424361376, 0.35143944281375206, 0.0018175550990607832, 0.08212169363570353, 0.0904666490662117, 0.03684698998890655, 0.006423539276436675, 0.02518809510055347, 0.013274013160881006, 0.0045742984861255834, 0.2049894070441261, 0.0013194460747171157]}},
			{"instance": 1, "evals": 0, "best": {"evals": 2010, "y": 0.9018425855038527, "x": [0.9018425855038527, 0.0061838757431274104, 0.057606723765719306, 0.004130560922743066, 0.01607615668864439, 0.023621235642040547, 0.0004333335840616037, 0.05211251056046491, 0.0003762338826162504, 0.08666414103523645, 0.1889286952092525, 0.004433707302270047, 0.003653984332361494, 0.005443440905289156, 0.016877471632843706, 0.06994186804025647, 0.13448165095767223, 0.011485860355252554, 0.022956977467156796, 0.014863960509728406, 0.13281021807377244, 0.0012374862001002438, 0.02760240214388776, 0.009530195471995013, 0.03547655358222554, 0.19473679339631322, 0.0037635979942988946, 0.0015185165757333164, 0.03233247090211873, 0.01565177894569388]}},
			{"instance": 1, "evals": 0, "best": {"evals": 2002, "y": 4.332772769630651e-11, "x": [4.332772769630651e-11, 0.004293462923202117, 0.010761368415091583, 0.18366821975641093, 0.006957709871920907, 0.010067715340121958, 0.00489225231381481, 0.02754572560642929, 0.007923958409144912, 4.874710643213223e-05, 0.26924019416436873, 0.07334599203262859, 0.1123742010492804, 0.004552049803291283, 0.014694925731791764, 0.007312977766223042, 0.024382210524438144, 0.0059074826163867805, 0.08183435216890779, 0.01463983502797399, 0.2507342345264929, 0.006407487645470934, 8.511389754592929e-05, 0.01238877843864053, 0.02812235269603939, 0.014355029846541098, 0.4176526494759242, 0.0032378165860717932, 0.0016782207359996165, 0.18100309523660937]}},
			{"instance": 1, "evals": 0, "best": {"evals": 2002, "y": 7.452148070440081e-16, "x": [7.452148070440081e-16, 0.01136472186649393, 0.14651635323954973, 0.0011408530206477945, 0.002572130954683491, 0.011154494463502692, 0.006005484918215507, 0.013090044516621518, 0.05535171459627725, 0.3271490235697454, 0.046142910570995024, 0.006379943333609894, 0.018187074511231215, 0.1773341973338538, 0.012111505617058094, 0.008163693794596003, 0.06968653903732548, 0.0009138237281137295, 0.06798150086998361, 0.24420268736935932, 0.002619963043592296, 0.0005446935616032144, 7.892594274994896e-05, 0.021918489411585283, 0.04214687931084441, 0.026558825706742874, 0.003250763036614281, 0.0006255751441785996, 0.03566581334751438, 0.006350965858445627]}}
		]}
	]
}
