{
	"version": "0.3.17", 
	"suite": "unknown_suite", 
	"function_id": 1, 
	"function_name": "pymoo_ZDT2", 
	"maximization": false, 
	"algorithm": {"name": "SMS-EMOA", "info": "10"},
	"experiment_attributes": [{"popsize": "10"}],
	"attributes": ["evaluations", "raw_y", "F2"],
	"scenarios": [
		{"dimension": 30,
		"path": "data_f1_pymoo_ZDT2/IOHprofiler_f1_DIM30.dat",
		"runs": [
			{"instance": 1, "evals": 0, "best": {"evals": 2010, "y": 0.8809680808255436, "x": [0.8809680808255436, 0.021581219464052573, 0.0037095734717434476, 0.5020712612602827, 0.001608108637210206, 0.17357311906806686, 0.08912527178624381, 0.0006259251259898649, 0.03076745551384809, 0.05134032113700393, 0.028403266412860374, 0.07007199338625313, 0.19974118622453957, 0.029419419098201338, 0.0522097018881191, 0.017590677507376765, 0.029371210078425358, 0.0014985865116132718, 0.019368744949087184, 0.02801021668893636, 0.00046660573979356195, 0.0014746817300132966, 0.0016931347116064391, 0.004538808920981487, 0.00016561899887667167, 0.04673598049440879, 0.01835189889075252, 0.002940566654846876, 0.265223719060558, 0.05157314836882916]}},
			{"instance": 1, "evals": 0, "best": {"evals": 2002, "y": 1.5652737285170053e-14, "x": [1.5652737285170053e-14, 0.002935579991320013, 0.0003006237784709531, 0.0008434685466177886, 0.008369245054349746, 0.0036187695174239682, 0.02807524252878285, 0.04352803926835526, 0.024999145860166827, 0.03905037319795974, 0.09681279316411687, 0.42299852001888005, 0.03890244864708758, 0.0004714105032987873, 0.20544307461385097, 0.0008166741472114486, 0.001452960380282714, 0.008863452499149493, 0.024569559733615354, 0.2020377562279332, 0.016872935332743613, 0.00016327755807789756, 0.001628747989497866, 0.04877090302505217, 0.015609854166355895, 0.0430520372174879, 0.0070171378660127594, 0.3124263824542528, 0.014218580087430752, 0.005123101869338328]}},
			{"instance": 1, "evals": 0, "best": {"evals": 2005, "y": 1.0560746788915122e-12, "x": [1.0560746788915122e-12, 0.004903782653170087, 0.02926555403480364, 0.016001602000551358, 0.09929304084308158, 0.01648379404236762, 0.0030654439453725803, 0.012391160374413254, 0.0033336419896697477, 0.06959514736534463, 0.32667218917197094, 0.016623116073996982, 0.012101561735124507, 0.002776754795742211, 0.030644117103135925, 0.021644896164938535, 0.009305228201132994, 0.00845898093644428, 0.18522486530222648, 0.0038035123993947306, 0.023757810002741027, 0.03143837400312511, 0.002803811182774207, 0.00041285243532781634, 0.013308980073080174, 0.19582914397395781, 0.0066552722248381085, 0.008186674743264729, 0.008477137892326356, 0.033674899391066014]}},
			{"instance": 1, "evals": 0, "best": {"evals": 2010, "y": 0.9540838174636797, "x": [0.9540838174636797, 0.4038618579972678, 0.018276527349145734, 0.3018380365041202, 0.17813001283414495, 0.518448814043447, 0.0007953812829233522, 0.03780434314432509, 0.03380848142745517, 0.03179321618471122, 0.005212911971535142, 0.013195359387184982, 0.05569746571327339, 0.35951247000180275, 0.14016367499247329, 0.00015677711410030763, 0.00045860265540074996, 0.0007557486317455698, 0.007901324874118645, 0.013747452063814327, 0.0006630096114404537, 0.009771219385421092, 0.007430270554816258, 0.02007200473072738, 0.002671104900114291, 0.10274053635578798, 0.09169509788459858, 0.0052996159254337675, 0.011086151561528462, 0.07640440240582179]}},
			{"instance": 1, "evals": 0, "best": {"evals": 2004, "y": 5.01700605380127e-16, "x": [5.01700605380127e-16, 0.021764059590395724, 0.29915351796379747, 0.003623127979032285, 0.007497505473566259, 0.029342426972211802, 0.025185422231070686, 0.01168001509368361, 0.002969532361450993, 0.6932334679143766, 0.005761357522622095, 0.00048827286503981966, 0.002256179810488522, 0.15762046849803205, 0.0001537273678113876, 0.2385707986654337, 0.0080160904790087, 0.000996811004495355, 0.013430521563663754, 0.31704774608762765, 0.38668124594316533, 0.028966919506553782, 0.007622112269456296, 0.0015905402929772881, 0.21265393338018831, 0.00987820183922179, 0.46498242115169364, 0.002696732311701013, 0.08329876587832388, 0.01021541405699346]}}
		]}
	]
}
